txn_id,amount,merchant_category,distance_from_home_km,hour_of_day,account_age_days,prior_flags,txns_last_24h,typical_monthly_spend,scenario,true_p,is_fraud
T0001,2992.06,travel,8.1,14,1483,0,2,3230,big_purchase,0.18,0
T0002,11.08,transport,4.8,13,1760,0,2,2710,routine,0.01,0
T0003,57.01,fuel,3.3,16,1120,0,1,4620,routine,0.01,0
T0004,173.97,transport,0.0,21,792,0,1,3070,routine,0.01,0
T0005,551.89,atm_withdrawal,204.9,0,673,0,2,3880,night_atm,0.4,0
T0006,1223.11,electronics,3338.6,3,1745,0,8,3750,clear_fraud,0.97,1
T0007,314.51,transport,1913.9,8,2606,0,7,3650,traveler,0.12,0
T0008,14.99,digital_goods,224.6,19,628,1,10,3670,card_testing,0.65,1
T0009,19.81,grocery,5.8,16,1543,0,1,3520,routine,0.01,0
T0010,41.27,restaurant,17.4,20,762,0,2,2020,routine,0.01,0
T0011,6.05,online_retail,109.6,14,522,1,16,4680,card_testing,0.65,0
T0012,6.93,digital_goods,80.8,20,156,2,10,2140,card_testing,0.65,0
T0013,244.79,restaurant,4289.1,19,2196,0,7,3270,traveler,0.12,0
T0014,300.63,atm_withdrawal,626.4,4,354,1,1,3970,night_atm,0.4,1
T0015,2312.5,electronics,7617.4,4,1026,1,4,1480,clear_fraud,0.97,1
T0016,1545.5,jewelry,1641.3,2,1610,1,6,3330,clear_fraud,0.97,1
T0017,724.44,atm_withdrawal,1532.3,22,2735,0,4,4370,night_atm,0.4,0
T0018,2774.35,jewelry,22.0,11,220,0,1,4190,big_purchase,0.18,0
T0019,2057.79,gift_cards,2210.8,2,514,1,8,2740,takeover,0.95,1
T0020,302.32,restaurant,3030.5,8,2142,0,4,2260,traveler,0.12,0
T0021,1.07,online_retail,292.3,0,334,2,9,880,card_testing,0.65,1
T0022,15.68,pharmacy,4.5,16,247,0,0,3660,routine,0.01,0
T0023,77.31,online_retail,3.9,21,467,0,3,2870,routine,0.01,0
T0024,211.67,restaurant,3270.0,15,1909,0,4,1280,traveler,0.12,0
T0025,35.56,online_retail,5.2,18,2512,0,2,4430,routine,0.01,0
T0026,10.27,online_retail,19.3,3,431,1,12,1320,card_testing,0.65,1
T0027,146.39,duty_free,5765.0,18,339,0,5,1370,traveler,0.12,0
T0028,211.52,restaurant,6728.6,18,993,0,3,3830,traveler,0.12,0
T0029,8.96,online_retail,77.1,6,862,0,9,940,card_testing,0.65,1
T0030,1161.3,jewelry,1403.0,4,2244,1,9,4950,clear_fraud,0.97,1
T0031,26.42,online_retail,8.0,18,547,0,2,2960,routine,0.01,0
T0032,249.22,atm_withdrawal,1713.5,4,525,0,4,4280,night_atm,0.4,0
T0033,3591.33,wire_transfer,2642.6,1,1722,3,5,4700,takeover,0.95,1
T0034,449.18,atm_withdrawal,1325.9,22,2366,1,4,2830,night_atm,0.4,0
T0035,2019.31,gift_cards,6713.7,0,2082,1,8,3820,clear_fraud,0.97,1
T0036,60.88,online_retail,7.2,14,358,0,3,1730,routine,0.01,0
T0037,141.05,atm_withdrawal,2356.2,23,524,1,4,2830,night_atm,0.4,0
T0038,1710.9,electronics,3.1,15,1325,0,0,2410,big_purchase,0.18,0
T0039,1445.86,jewelry,27.8,16,2970,0,2,2170,big_purchase,0.18,0
T0040,11.27,online_retail,277.4,11,324,0,7,2410,card_testing,0.65,1
T0041,818.89,electronics,3387.9,2,2511,1,9,3080,clear_fraud,0.97,1
T0042,18.88,transport,0.5,8,1873,0,3,3700,routine,0.01,0
T0043,864.52,furniture,29.1,16,2203,0,0,3640,big_purchase,0.18,0
T0044,2157.21,wire_transfer,2487.7,2,2386,2,6,1960,takeover,0.95,1
T0045,1755.2,wire_transfer,2336.4,2,2502,2,11,2260,takeover,0.95,1
T0046,7.43,online_retail,186.7,21,538,2,12,3250,card_testing,0.65,1
T0047,276.92,atm_withdrawal,286.6,3,2423,0,4,2740,night_atm,0.4,0
T0048,66.16,utilities,5.1,19,1772,0,3,2480,routine,0.01,0
T0049,895.53,furniture,3.6,10,1010,0,0,1630,big_purchase,0.18,0
T0050,17.99,restaurant,2.5,16,530,0,1,1430,routine,0.01,0
T0051,9.01,online_retail,137.3,22,232,2,14,3480,card_testing,0.65,1
T0052,1303.49,jewelry,17.8,17,900,0,2,4580,big_purchase,0.18,0
T0053,37.12,transport,1.3,20,1631,0,2,3850,routine,0.01,0
T0054,1682.25,crypto_exchange,2718.8,1,1667,1,9,1610,clear_fraud,0.97,1
T0055,29.69,utilities,6.8,15,2358,0,2,990,routine,0.01,0
T0056,6.65,online_retail,89.7,4,221,2,6,3280,card_testing,0.65,1
T0057,13.04,grocery,10.6,16,1048,0,1,4210,routine,0.01,0
T0058,733.15,atm_withdrawal,1534.3,2,1098,0,2,2400,night_atm,0.4,0
T0059,571.37,gift_cards,1031.1,0,1773,0,4,960,clear_fraud,0.97,1
T0060,1120.1,electronics,28.6,11,2005,0,1,4050,big_purchase,0.18,0
T0061,2473.36,furniture,2.8,15,601,0,0,4760,big_purchase,0.18,1
T0062,3279.98,travel,24.7,16,2132,0,0,2410,big_purchase,0.18,0
T0063,104.13,atm_withdrawal,1800.7,22,2498,0,0,2300,night_atm,0.4,0
T0064,52.79,transport,13.0,13,2564,0,1,3760,routine,0.01,0
T0065,196.7,restaurant,3524.4,19,2068,0,3,3650,traveler,0.12,0
T0066,337.57,hotel,7461.2,20,2345,0,3,3460,traveler,0.12,0
T0067,28.28,fuel,6.7,19,2999,0,0,3360,routine,0.01,0
T0068,3412.65,crypto_exchange,731.9,1,685,2,9,3740,takeover,0.95,1
T0069,7.87,online_retail,144.3,13,94,1,19,3580,card_testing,0.65,1
T0070,987.19,travel,2.2,19,355,0,1,3580,big_purchase,0.18,1
T0071,613.08,atm_withdrawal,2194.7,1,1924,1,2,2850,night_atm,0.4,1
T0072,110.86,transport,2.9,17,2470,0,0,2690,routine,0.01,0
T0073,60.75,online_retail,6.5,12,2076,0,0,1060,routine,0.01,0
T0074,94.4,online_retail,7.0,13,560,0,3,4350,routine,0.01,0
T0075,2136.46,furniture,12.6,10,683,0,2,1980,big_purchase,0.18,1
T0076,14.82,digital_goods,57.3,22,189,0,13,2200,card_testing,0.65,0
T0077,862.22,jewelry,24.8,19,265,0,0,4310,big_purchase,0.18,0
T0078,2852.88,crypto_exchange,1973.1,4,2033,2,11,4450,takeover,0.95,1
T0079,597.28,atm_withdrawal,2437.9,23,2163,1,0,4000,night_atm,0.4,0
T0080,873.49,jewelry,7736.7,2,1204,1,4,3430,clear_fraud,0.97,1
T0081,23.11,grocery,11.6,21,613,0,3,1970,routine,0.01,0
T0082,49.62,pharmacy,11.4,10,2197,0,1,2290,routine,0.01,0
T0083,191.72,hotel,3395.0,19,1636,0,2,3460,traveler,0.12,0
T0084,47.65,online_retail,5.0,12,548,0,1,1300,routine,0.01,0
T0085,3852.91,wire_transfer,1789.1,5,546,2,9,3710,takeover,0.95,1
T0086,13.43,online_retail,137.1,15,372,0,8,4780,card_testing,0.65,0
T0087,40.45,transport,3.4,17,1835,0,2,1720,routine,0.01,0
T0088,20.54,fuel,4.7,20,2372,0,0,3320,routine,0.01,0
T0089,708.59,atm_withdrawal,187.2,1,1413,0,2,4870,night_atm,0.4,1
T0090,1659.7,furniture,22.9,11,168,0,2,1080,big_purchase,0.18,0
T0091,2.78,online_retail,379.5,18,405,2,6,1560,card_testing,0.65,1
T0092,249.12,restaurant,6294.6,7,2190,0,7,1680,traveler,0.12,0
T0093,2.38,online_retail,53.8,23,458,1,10,3860,card_testing,0.65,1
T0094,57.55,utilities,21.0,9,2123,0,2,2220,routine,0.01,0
T0095,20.13,restaurant,9.0,17,2642,0,0,4510,routine,0.01,0
T0096,15.64,utilities,32.3,16,2911,0,3,1450,routine,0.01,0
T0097,6.75,digital_goods,261.9,18,628,1,6,1520,card_testing,0.65,1
T0098,11.69,online_retail,51.8,13,653,1,12,2600,card_testing,0.65,1
T0099,2724.9,travel,19.0,15,359,0,2,2470,big_purchase,0.18,0
T0100,25.76,online_retail,16.5,8,2077,0,0,1110,routine,0.01,0
T0101,16.79,fuel,12.0,8,874,0,3,810,routine,0.01,0
T0102,1957.71,crypto_exchange,425.4,5,2570,1,12,1430,takeover,0.95,1
T0103,15.99,utilities,14.3,14,1824,0,1,1120,routine,0.01,0
T0104,21.56,pharmacy,1.7,9,2015,0,0,1010,routine,0.01,0
T0105,1497.77,gift_cards,3784.0,2,1986,1,9,2220,clear_fraud,0.97,1
T0106,302.89,atm_withdrawal,1714.7,2,454,1,3,2400,night_atm,0.4,0
T0107,3237.43,crypto_exchange,2047.2,2,2463,1,9,2070,takeover,0.95,1
T0108,16.09,fuel,6.1,12,861,0,3,3120,routine,0.01,0
T0109,2.42,digital_goods,315.5,18,671,2,9,1480,card_testing,0.65,1
T0110,849.8,crypto_exchange,2374.4,1,1034,0,5,4350,clear_fraud,0.97,1
T0111,23.36,transport,5.6,13,2104,0,3,2660,routine,0.01,0
T0112,1236.14,crypto_exchange,5110.7,3,2754,0,4,4880,clear_fraud,0.97,1
T0113,3472.96,electronics,28.6,17,2377,0,2,3110,big_purchase,0.18,1
T0114,170.87,restaurant,2785.8,15,2319,0,3,1070,traveler,0.12,0
T0115,2044.1,gift_cards,6715.5,4,2367,0,7,3440,clear_fraud,0.97,1
T0116,1310.87,electronics,28.0,10,1054,0,2,2250,big_purchase,0.18,0
T0117,4.78,online_retail,167.5,3,528,2,15,1290,card_testing,0.65,1
T0118,1114.4,gift_cards,3363.2,5,1707,1,6,1350,clear_fraud,0.97,1
T0119,12.92,digital_goods,21.5,20,602,2,15,1100,card_testing,0.65,0
T0120,258.17,duty_free,1409.3,16,327,0,5,2200,traveler,0.12,0
T0121,3136.04,furniture,2.1,19,134,0,2,3530,big_purchase,0.18,0
T0122,9.66,digital_goods,15.5,10,712,0,6,3930,card_testing,0.65,0
T0123,67.12,fuel,6.6,13,2493,0,3,4890,routine,0.01,0
T0124,30.39,online_retail,4.7,12,2705,0,0,3610,routine,0.01,0
T0125,13.83,restaurant,4.2,12,408,0,0,3460,routine,0.01,0
T0126,47.15,pharmacy,17.4,17,1425,0,3,3700,routine,0.01,0
T0127,1212.45,jewelry,2879.9,0,1862,0,5,1810,clear_fraud,0.97,1
T0128,3120.08,gift_cards,193.4,4,564,1,7,1080,takeover,0.95,1
T0129,344.58,atm_withdrawal,2208.5,3,1459,1,2,2030,night_atm,0.4,0
T0130,308.49,duty_free,1400.5,10,1359,0,3,2940,traveler,0.12,0
T0131,4.11,online_retail,297.7,9,435,1,11,1890,card_testing,0.65,1
T0132,1.28,online_retail,189.6,4,667,0,15,4160,card_testing,0.65,1
T0133,2465.09,gift_cards,2072.9,5,2502,1,12,2670,takeover,0.95,1
T0134,4.07,online_retail,1.3,19,1178,0,3,1780,routine,0.01,0
T0135,744.81,atm_withdrawal,443.0,2,811,0,0,2430,night_atm,0.4,0
T0136,1597.88,crypto_exchange,4585.8,2,1964,1,4,4230,clear_fraud,0.97,1
T0137,198.31,atm_withdrawal,1792.1,3,1776,0,2,3370,night_atm,0.4,1
T0138,713.99,crypto_exchange,1711.7,2,1373,1,3,1000,clear_fraud,0.97,1
T0139,50.85,pharmacy,1.9,18,2481,0,1,3680,routine,0.01,0
T0140,1981.91,gift_cards,3146.1,0,1759,1,3,4160,clear_fraud,0.97,1
T0141,123.39,transport,2772.3,19,623,0,4,4830,traveler,0.12,0
T0142,240.82,restaurant,4744.1,17,1354,0,5,4860,traveler,0.12,0
T0143,34.59,restaurant,1.1,17,669,0,1,4850,routine,0.01,0
T0144,18.38,online_retail,1.6,13,264,0,1,1910,routine,0.01,0
T0145,1.67,digital_goods,293.0,5,428,1,20,2390,card_testing,0.65,1
T0146,54.28,utilities,7.7,14,2482,0,2,1180,routine,0.01,0
T0147,43.39,online_retail,2.2,18,2659,0,0,4140,routine,0.01,0
T0148,14.85,pharmacy,4.0,15,1896,0,2,1710,routine,0.01,0
T0149,13.23,digital_goods,45.0,4,156,2,15,3250,card_testing,0.65,0
T0150,278.16,duty_free,4985.6,17,2745,0,5,3370,traveler,0.12,0
T0151,55.65,fuel,6.6,13,1177,0,2,2460,routine,0.01,0
T0152,1524.74,furniture,0.9,14,339,0,1,3020,big_purchase,0.18,0
T0153,3.8,online_retail,82.8,20,303,0,13,4340,card_testing,0.65,1
T0154,721.32,atm_withdrawal,1101.7,22,1171,1,0,3760,night_atm,0.4,0
T0155,15.62,transport,3.3,11,2408,0,1,3790,routine,0.01,0
T0156,842.7,crypto_exchange,5868.5,0,2439,1,8,4820,clear_fraud,0.97,1
T0157,44.75,grocery,0.3,15,2259,0,1,1040,routine,0.01,0
T0158,248.93,atm_withdrawal,91.6,0,2326,1,1,2340,night_atm,0.4,1
T0159,3177.3,electronics,29.6,15,640,0,1,4420,big_purchase,0.18,0
T0160,785.23,electronics,14.9,18,1575,0,0,2900,big_purchase,0.18,0
T0161,8.75,digital_goods,327.4,13,553,2,19,4730,card_testing,0.65,1
T0162,3418.82,gift_cards,975.1,2,2635,1,10,2060,takeover,0.95,1
T0163,33.13,restaurant,5.4,13,2278,0,0,2100,routine,0.01,0
T0164,722.22,crypto_exchange,8580.4,2,2218,0,7,1380,clear_fraud,0.97,1
T0165,31.7,utilities,3.1,10,385,0,0,2080,routine,0.01,0
T0166,1242.91,electronics,1171.5,1,1764,1,7,2720,clear_fraud,0.97,1
T0167,328.28,restaurant,1409.6,10,2447,0,3,1810,traveler,0.12,0
T0168,35.58,utilities,6.8,14,876,0,3,4660,routine,0.01,0
T0169,2347.38,gift_cards,7308.3,4,1318,0,4,4130,clear_fraud,0.97,1
T0170,17.24,restaurant,2.3,9,858,0,2,2530,routine,0.01,0
T0171,643.3,atm_withdrawal,2410.7,0,1938,0,0,1590,night_atm,0.4,1
T0172,47.88,pharmacy,4.2,8,2045,0,0,4210,routine,0.01,0
T0173,5.39,online_retail,1.9,8,219,0,15,4010,card_testing,0.65,1
T0174,51.01,transport,2.8,16,2374,0,2,2590,routine,0.01,0
T0175,202.42,duty_free,6973.8,17,1132,0,4,2110,traveler,0.12,1
T0176,537.76,atm_withdrawal,2107.8,0,2109,1,0,4090,night_atm,0.4,1
T0177,13.9,grocery,22.9,16,715,0,1,3570,routine,0.01,0
T0178,319.25,atm_withdrawal,1964.2,3,2724,1,2,4330,night_atm,0.4,1
T0179,1480.92,crypto_exchange,8008.4,3,494,0,6,2920,clear_fraud,0.97,1
T0180,3158.23,jewelry,4.8,14,482,0,2,2310,big_purchase,0.18,1
T0181,2463.01,electronics,4937.3,1,560,0,8,2640,clear_fraud,0.97,1
T0182,3384.99,electronics,16.6,20,1817,0,0,2150,big_purchase,0.18,0
T0183,123.2,online_retail,6.7,16,1756,0,2,3430,routine,0.01,0
T0184,617.69,jewelry,1894.0,2,2636,1,9,3500,clear_fraud,0.97,1
T0185,657.78,atm_withdrawal,1740.3,3,2821,0,3,2430,night_atm,0.4,0
T0186,3223.3,gift_cards,1871.8,4,2251,3,9,1160,takeover,0.95,1
T0187,1.86,online_retail,34.3,11,832,2,12,4880,card_testing,0.65,1
T0188,992.82,gift_cards,2959.8,4,629,2,10,1560,takeover,0.95,1
T0189,25.42,utilities,23.8,16,1556,0,0,1280,routine,0.01,0
T0190,2590.23,electronics,17.5,14,407,0,0,4990,big_purchase,0.18,0
T0191,2253.92,crypto_exchange,1675.6,4,1049,3,11,1950,takeover,0.95,1
T0192,76.82,fuel,1.3,8,2744,0,1,1800,routine,0.01,0
T0193,11.25,online_retail,135.2,19,499,2,6,2610,card_testing,0.65,0
T0194,1178.32,wire_transfer,563.2,5,1773,3,5,3480,takeover,0.95,1
T0195,1837.83,crypto_exchange,5980.2,1,658,1,3,2030,clear_fraud,0.97,1
T0196,978.42,furniture,27.6,15,343,0,0,1420,big_purchase,0.18,0
T0197,1858.19,crypto_exchange,1430.9,3,1262,1,9,4120,takeover,0.95,1
T0198,15.34,fuel,3.6,13,1752,0,2,3960,routine,0.01,0
T0199,13.7,digital_goods,59.7,2,803,2,7,3840,card_testing,0.65,1
T0200,1106.38,crypto_exchange,6611.7,2,2345,0,5,2190,clear_fraud,0.97,1
T0201,1271.27,travel,21.0,15,1977,0,2,1160,big_purchase,0.18,1
T0202,2002.07,crypto_exchange,2896.0,5,1044,3,9,1300,takeover,0.95,0
T0203,851.8,jewelry,1199.0,2,2427,1,5,3050,clear_fraud,0.97,1
T0204,2688.83,jewelry,24.8,19,1627,0,0,2910,big_purchase,0.18,0
T0205,936.36,electronics,9.3,20,819,0,0,850,big_purchase,0.18,1
T0206,2500.91,electronics,0.0,17,419,0,0,3290,big_purchase,0.18,0
T0207,9.5,digital_goods,62.8,3,344,0,9,2520,card_testing,0.65,1
T0208,2737.47,furniture,17.3,16,1553,0,0,1540,big_purchase,0.18,0
T0209,701.51,crypto_exchange,812.8,2,1385,1,4,3590,clear_fraud,0.97,1
T0210,14.75,online_retail,254.5,2,846,2,16,3480,card_testing,0.65,0
T0211,6.56,digital_goods,358.0,8,98,2,14,2430,card_testing,0.65,1
T0212,2179.1,travel,10.3,19,2157,0,1,2430,big_purchase,0.18,1
T0213,25.12,pharmacy,7.5,15,501,0,0,2150,routine,0.01,0
T0214,1347.37,jewelry,8429.9,3,618,1,7,2370,clear_fraud,0.97,1
T0215,62.27,fuel,3.3,14,2974,0,1,3390,routine,0.01,0
T0216,217.45,duty_free,5121.0,18,2499,0,6,3480,traveler,0.12,1
T0217,253.97,atm_withdrawal,459.7,22,2169,0,3,3080,night_atm,0.4,0
T0218,20.72,fuel,4.3,9,2761,0,2,4340,routine,0.01,0
T0219,2057.38,jewelry,1340.5,0,2685,1,5,1860,clear_fraud,0.97,1
T0220,1060.21,jewelry,2846.8,0,506,0,6,2970,clear_fraud,0.97,1
T0221,1626.44,furniture,8.2,17,708,0,0,3380,big_purchase,0.18,0
T0222,73.61,transport,1494.1,18,879,0,6,2430,traveler,0.12,0
T0223,2067.19,crypto_exchange,1315.0,3,2844,0,8,2960,clear_fraud,0.97,1
T0224,149.0,transport,3735.6,18,1563,0,4,2310,traveler,0.12,0
T0225,35.46,transport,0.4,18,1377,0,1,3940,routine,0.01,0
T0226,135.21,pharmacy,26.7,20,2870,0,1,2880,routine,0.01,0
T0227,273.71,duty_free,7207.2,9,2139,0,6,2810,traveler,0.12,0
T0228,313.97,atm_withdrawal,1460.4,2,2421,1,2,4830,night_atm,0.4,1
T0229,2494.04,electronics,6097.4,3,2482,1,3,2320,clear_fraud,0.97,1
T0230,6.34,online_retail,178.3,8,455,1,10,1750,card_testing,0.65,1
T0231,18.43,pharmacy,1.3,17,2281,0,1,4430,routine,0.01,0
T0232,24.62,online_retail,3.3,19,2436,0,1,2850,routine,0.01,0
T0233,217.18,atm_withdrawal,2390.7,2,2284,0,0,1690,night_atm,0.4,0
T0234,17.61,online_retail,9.9,11,437,0,1,4490,routine,0.01,0
T0235,1804.75,travel,2.5,18,2302,0,2,1440,big_purchase,0.18,1
T0236,32.23,online_retail,4.7,13,2374,0,2,4290,routine,0.01,0
T0237,2425.26,gift_cards,3533.6,4,979,1,5,4860,clear_fraud,0.97,1
T0238,56.18,fuel,6.2,17,287,0,0,4100,routine,0.01,0
T0239,71.51,fuel,22.4,20,925,0,3,900,routine,0.01,0
T0240,1815.78,furniture,18.9,18,179,0,1,4080,big_purchase,0.18,0
T0241,702.31,atm_withdrawal,1107.7,23,2695,1,4,3100,night_atm,0.4,0
T0242,349.71,restaurant,637.9,20,1509,0,3,1620,traveler,0.12,0
T0243,19.38,transport,0.2,11,2861,0,3,1730,routine,0.01,0
T0244,998.63,gift_cards,3036.9,4,1003,1,3,4770,clear_fraud,0.97,1
T0245,36.84,online_retail,0.6,21,2003,0,0,3010,routine,0.01,0
T0246,26.69,pharmacy,2.5,20,1484,0,3,3350,routine,0.01,0
T0247,16.78,grocery,2.1,10,2058,0,0,4810,routine,0.01,0
T0248,630.74,atm_withdrawal,114.7,4,666,0,2,2300,night_atm,0.4,0
T0249,1277.47,furniture,4.1,19,546,0,0,1240,big_purchase,0.18,0
T0250,1848.51,jewelry,4466.5,5,1844,1,5,3490,clear_fraud,0.97,1
T0251,179.36,atm_withdrawal,641.5,3,1258,0,4,4250,night_atm,0.4,1
T0252,305.92,atm_withdrawal,2012.0,23,1790,1,4,4410,night_atm,0.4,0
T0253,369.25,hotel,4953.5,9,498,0,2,2530,traveler,0.12,0
T0254,164.12,transport,18.1,20,2953,0,2,3220,routine,0.01,0
T0255,1304.95,jewelry,6765.6,3,1898,0,6,1010,clear_fraud,0.97,1
T0256,1482.56,jewelry,8437.2,2,1065,1,7,3910,clear_fraud,0.97,1
T0257,58.22,fuel,5.8,18,2900,0,1,3440,routine,0.01,0
T0258,59.26,transport,3.3,16,2026,0,1,3920,routine,0.01,0
T0259,10.49,online_retail,48.1,14,182,0,9,4200,card_testing,0.65,1
T0260,1976.14,gift_cards,735.5,2,2458,1,11,3940,takeover,0.95,1
T0261,2614.64,jewelry,13.6,17,1440,0,2,810,big_purchase,0.18,0
T0262,297.14,duty_free,3210.7,16,483,0,7,1280,traveler,0.12,0
T0263,19.01,restaurant,4.9,16,982,0,0,1810,routine,0.01,0
T0264,68.22,hotel,3508.3,9,2745,0,6,4090,traveler,0.12,0
T0265,4.58,online_retail,182.7,9,275,1,6,1220,card_testing,0.65,1
T0266,2018.84,electronics,6227.8,4,936,1,4,1480,clear_fraud,0.97,1
T0267,380.49,restaurant,4571.6,12,1931,0,4,2020,traveler,0.12,0
T0268,61.71,transport,7283.5,9,636,0,4,1450,traveler,0.12,0
T0269,647.22,furniture,13.2,10,1852,0,0,4980,big_purchase,0.18,0
T0270,16.61,restaurant,3.5,19,2185,0,0,920,routine,0.01,0
T0271,264.17,atm_withdrawal,712.8,22,892,1,3,2690,night_atm,0.4,0
T0272,2594.84,crypto_exchange,1487.3,4,1785,1,11,4630,takeover,0.95,1
T0273,24.61,fuel,1.7,14,2518,0,1,1510,routine,0.01,0
T0274,649.5,electronics,4030.0,2,2684,1,9,1410,clear_fraud,0.97,1
T0275,45.3,utilities,6.1,12,671,0,3,890,routine,0.01,0
T0276,161.61,atm_withdrawal,1246.1,0,586,1,0,1230,night_atm,0.4,0
T0277,3449.45,wire_transfer,2805.8,3,1062,1,7,1820,takeover,0.95,1
T0278,34.57,duty_free,3796.3,9,2591,0,3,3200,traveler,0.12,0
T0279,20.57,transport,22.0,21,2746,0,0,3360,routine,0.01,0
T0280,25.69,pharmacy,7.8,13,1948,0,2,3590,routine,0.01,0
T0281,816.58,crypto_exchange,2935.9,2,2166,3,11,2810,takeover,0.95,1
T0282,67.36,fuel,9.0,14,2045,0,3,2050,routine,0.01,0
T0283,21.53,pharmacy,3.1,16,2108,0,3,1060,routine,0.01,0
T0284,7.59,digital_goods,290.1,17,786,0,16,4580,card_testing,0.65,0
T0285,543.27,atm_withdrawal,1680.4,22,1945,1,4,4820,night_atm,0.4,1
T0286,690.64,jewelry,1227.9,3,1920,0,8,4350,clear_fraud,0.97,1
T0287,661.97,atm_withdrawal,1113.9,22,1314,0,2,2960,night_atm,0.4,0
T0288,406.71,atm_withdrawal,1528.3,4,1568,0,1,2830,night_atm,0.4,0
T0289,187.76,duty_free,2470.8,19,2879,0,3,1580,traveler,0.12,0
T0290,507.96,atm_withdrawal,2356.7,3,1809,1,3,4190,night_atm,0.4,0
T0291,2602.38,jewelry,6.2,19,2187,0,0,3940,big_purchase,0.18,0
T0292,2527.08,furniture,1.6,20,1351,0,2,3740,big_purchase,0.18,0
T0293,10.83,online_retail,278.1,20,14,1,12,3580,card_testing,0.65,0
T0294,123.55,restaurant,2.0,11,1578,0,0,1190,routine,0.01,0
T0295,48.53,online_retail,1.0,16,2183,0,2,2200,routine,0.01,0
T0296,12.19,grocery,20.7,17,1479,0,2,1240,routine,0.01,0
T0297,2166.45,gift_cards,7537.6,1,529,0,4,880,clear_fraud,0.97,1
T0298,751.15,atm_withdrawal,982.2,1,880,1,0,3980,night_atm,0.4,1
T0299,2.98,online_retail,338.6,11,79,1,17,4760,card_testing,0.65,1
T0300,26.43,restaurant,0.3,14,206,0,1,2330,routine,0.01,0
T0301,303.46,atm_withdrawal,168.4,22,908,1,2,2300,night_atm,0.4,0
T0302,2948.3,crypto_exchange,1024.3,4,2172,1,8,2380,takeover,0.95,1
T0303,167.92,transport,0.4,16,2500,0,2,3610,routine,0.01,0
T0304,308.64,atm_withdrawal,2217.4,4,2753,1,0,3120,night_atm,0.4,0
T0305,2499.33,crypto_exchange,775.2,1,2192,2,11,1220,takeover,0.95,1
T0306,21.66,pharmacy,6.6,16,2638,0,2,4790,routine,0.01,0
T0307,308.36,hotel,5407.5,12,1798,0,4,1630,traveler,0.12,1
T0308,60.59,hotel,7265.0,14,1496,0,2,1950,traveler,0.12,0
T0309,520.45,crypto_exchange,3779.2,5,1055,0,4,4360,clear_fraud,0.97,1
T0310,2089.85,crypto_exchange,3239.0,0,645,0,6,2550,clear_fraud,0.97,1
T0311,891.35,electronics,17.7,16,1539,0,1,2120,big_purchase,0.18,1
T0312,12.73,digital_goods,299.6,22,97,1,6,2420,card_testing,0.65,1
T0313,3884.52,wire_transfer,927.7,1,866,3,7,3050,takeover,0.95,1
T0314,264.54,duty_free,3191.8,10,674,0,2,4760,traveler,0.12,0
T0315,2.4,online_retail,225.1,3,809,1,19,3050,card_testing,0.65,1
T0316,161.26,atm_withdrawal,135.7,4,1131,0,4,4250,night_atm,0.4,0
T0317,3374.77,wire_transfer,222.0,1,1918,2,8,3940,takeover,0.95,1
T0318,2.41,digital_goods,129.0,5,754,1,18,3480,card_testing,0.65,1
T0319,3797.34,gift_cards,1311.9,2,648,2,11,1580,takeover,0.95,1
T0320,43.46,restaurant,1.7,10,619,0,0,3280,routine,0.01,0
T0321,185.81,duty_free,7152.7,18,1330,0,3,3830,traveler,0.12,0
T0322,14.17,digital_goods,202.9,5,865,2,20,3140,card_testing,0.65,1
T0323,35.85,restaurant,6.1,21,2083,0,1,2630,routine,0.01,0
T0324,3498.86,furniture,3.0,20,1087,0,1,3040,big_purchase,0.18,0
T0325,12.31,online_retail,1.6,12,1120,0,1,1420,routine,0.01,0
T0326,10.18,digital_goods,103.8,13,419,1,17,950,card_testing,0.65,0
T0327,375.54,duty_free,6103.9,7,327,0,6,3120,traveler,0.12,1
T0328,311.7,hotel,1626.3,12,2065,0,5,3140,traveler,0.12,0
T0329,50.86,transport,3.6,11,1120,0,0,2220,routine,0.01,0
T0330,117.69,atm_withdrawal,363.3,3,331,0,2,3950,night_atm,0.4,1
T0331,2007.48,jewelry,26.8,10,288,0,0,3430,big_purchase,0.18,0
T0332,3835.26,crypto_exchange,2743.6,4,2776,2,4,4880,takeover,0.95,1
T0333,83.47,grocery,1.2,13,2750,0,3,3430,routine,0.01,0
T0334,56.15,online_retail,19.0,16,2102,0,0,3140,routine,0.01,0
T0335,2938.01,jewelry,27.4,10,2981,0,2,2280,big_purchase,0.18,0
T0336,127.61,atm_withdrawal,726.4,4,2872,1,3,3900,night_atm,0.4,1
T0337,3345.3,wire_transfer,934.6,5,2724,2,10,4240,takeover,0.95,0
T0338,225.88,transport,5053.8,16,370,0,6,4220,traveler,0.12,0
T0339,172.02,restaurant,7219.2,9,2351,0,7,4890,traveler,0.12,1
T0340,9.81,online_retail,0.6,10,1426,0,0,990,routine,0.01,0
T0341,56.26,grocery,9.8,14,1296,0,0,1690,routine,0.01,0
T0342,20.56,utilities,0.1,20,2558,0,3,2800,routine,0.01,0
T0343,78.71,online_retail,15.1,20,2180,0,3,2630,routine,0.01,0
T0344,1579.47,jewelry,2782.3,0,1495,1,4,1390,clear_fraud,0.97,1
T0345,489.99,atm_withdrawal,0.4,22,2574,1,4,3160,night_atm,0.4,0
T0346,5.71,digital_goods,256.2,8,272,2,17,4800,card_testing,0.65,0
T0347,50.96,transport,4.8,14,722,0,0,2090,routine,0.01,0
T0348,1.79,online_retail,26.2,22,523,1,8,4080,card_testing,0.65,1
T0349,192.46,hotel,7092.9,14,1159,0,7,3270,traveler,0.12,0
T0350,103.95,atm_withdrawal,1165.8,23,263,0,2,3310,night_atm,0.4,0
T0351,1240.05,crypto_exchange,8136.0,3,1788,0,6,3710,clear_fraud,0.97,1
T0352,1510.7,electronics,16.1,13,1951,0,1,2750,big_purchase,0.18,0
T0353,13.96,digital_goods,264.2,9,248,0,6,2450,card_testing,0.65,1
T0354,385.34,atm_withdrawal,1127.8,1,1873,1,0,2440,night_atm,0.4,1
T0355,119.99,restaurant,3049.8,9,2977,0,7,3990,traveler,0.12,1
T0356,609.2,atm_withdrawal,2230.3,4,2177,0,4,3230,night_atm,0.4,0
T0357,1890.69,electronics,20.9,11,1829,0,2,1360,big_purchase,0.18,1
T0358,45.14,utilities,2.1,19,1319,0,3,4310,routine,0.01,0
T0359,242.68,duty_free,2078.9,12,2572,0,3,2860,traveler,0.12,0
T0360,18.47,restaurant,2.2,11,694,0,1,2130,routine,0.01,0
T0361,226.94,restaurant,3251.1,16,1485,0,6,1920,traveler,0.12,0
T0362,13.56,online_retail,135.1,9,323,1,19,2860,card_testing,0.65,0
T0363,186.26,atm_withdrawal,12.6,2,1714,0,2,1680,night_atm,0.4,0
T0364,16.27,pharmacy,14.9,10,2597,0,3,3470,routine,0.01,0
T0365,3.25,digital_goods,364.1,22,497,1,9,810,card_testing,0.65,0
T0366,1495.26,gift_cards,506.4,3,1459,3,9,3230,takeover,0.95,1
T0367,2433.97,travel,11.3,11,2695,0,0,2490,big_purchase,0.18,0
T0368,2130.71,crypto_exchange,2747.1,5,1394,1,5,3010,takeover,0.95,1
T0369,47.2,pharmacy,0.2,13,738,0,0,4620,routine,0.01,0
T0370,49.13,restaurant,6.5,9,1430,0,2,3600,routine,0.01,0
T0371,60.06,fuel,1.8,10,2667,0,1,3990,routine,0.01,0
T0372,3.64,online_retail,359.9,19,418,2,11,3660,card_testing,0.65,0
T0373,5.44,digital_goods,89.3,18,839,0,12,2090,card_testing,0.65,0
T0374,9.52,digital_goods,285.1,22,663,1,12,4560,card_testing,0.65,0
T0375,70.77,utilities,4.1,18,2079,0,1,1910,routine,0.01,0
T0376,758.25,furniture,14.8,11,1087,0,1,3480,big_purchase,0.18,1
T0377,157.64,hotel,4603.6,16,2003,0,2,1290,traveler,0.12,0
T0378,292.98,duty_free,1910.8,11,1146,0,3,4180,traveler,0.12,0
T0379,535.26,atm_withdrawal,2196.2,22,1626,1,1,1280,night_atm,0.4,0
T0380,419.58,atm_withdrawal,2089.3,3,2058,1,1,1270,night_atm,0.4,0
T0381,126.28,restaurant,4.8,16,1871,0,0,1740,routine,0.01,0
T0382,16.43,online_retail,0.7,21,2478,0,2,1280,routine,0.01,0
T0383,106.08,pharmacy,3.5,17,363,0,3,3890,routine,0.01,0
T0384,5.06,transport,1.7,17,362,0,0,2560,routine,0.01,0
T0385,24.96,restaurant,0.1,16,718,0,2,990,routine,0.01,0
T0386,12.3,online_retail,155.2,12,570,1,19,1960,card_testing,0.65,1
T0387,783.08,atm_withdrawal,781.6,2,320,0,2,1650,night_atm,0.4,0
T0388,170.33,duty_free,977.0,7,1001,0,2,2900,traveler,0.12,0
T0389,2695.05,furniture,27.6,19,2912,0,1,4410,big_purchase,0.18,1
T0390,5.61,online_retail,16.4,12,2046,0,1,3950,routine,0.01,0
T0391,2.25,digital_goods,84.6,13,763,1,18,2970,card_testing,0.65,1
T0392,316.79,transport,5107.4,8,2107,0,6,1720,traveler,0.12,0
T0393,176.37,restaurant,4321.4,20,1892,0,2,3760,traveler,0.12,0
T0394,11.25,utilities,2.8,16,2852,0,2,850,routine,0.01,0
T0395,32.35,utilities,3.4,14,1883,0,3,4430,routine,0.01,0
T0396,32.88,grocery,3.9,20,1682,0,0,2700,routine,0.01,0
T0397,37.06,grocery,11.8,10,2770,0,1,4130,routine,0.01,0
T0398,1284.58,crypto_exchange,691.3,5,2431,3,4,3760,takeover,0.95,1
T0399,829.16,furniture,29.2,12,2297,0,1,2440,big_purchase,0.18,0
T0400,16.64,restaurant,7.3,15,491,0,1,4680,routine,0.01,0
T0401,92.24,duty_free,5308.0,22,2551,0,6,1280,traveler,0.12,1
T0402,29.31,restaurant,29.5,12,289,0,3,1950,routine,0.01,0
T0403,4.39,digital_goods,237.6,5,896,1,15,3120,card_testing,0.65,1
T0404,2315.26,gift_cards,972.1,2,2396,1,12,2530,takeover,0.95,1
T0405,3143.88,jewelry,0.0,20,1641,0,2,3850,big_purchase,0.18,1
T0406,2.49,online_retail,243.6,8,856,2,9,2300,card_testing,0.65,1
T0407,56.84,transport,5.0,8,543,0,3,1370,routine,0.01,0
T0408,762.89,furniture,0.6,17,102,0,1,4660,big_purchase,0.18,0
T0409,2446.77,electronics,8617.9,4,2478,0,6,4470,clear_fraud,0.97,1
T0410,1933.72,crypto_exchange,2074.2,3,2998,2,7,4820,takeover,0.95,1
T0411,754.86,atm_withdrawal,1581.5,23,958,1,2,4670,night_atm,0.4,1
T0412,607.45,electronics,7.3,17,1590,0,1,4660,big_purchase,0.18,1
T0413,26.47,grocery,8.3,8,1633,0,1,3530,routine,0.01,0
T0414,1012.1,furniture,25.1,17,2320,0,1,1540,big_purchase,0.18,1
T0415,394.63,hotel,1652.5,20,542,0,4,4440,traveler,0.12,0
T0416,1071.13,jewelry,6618.2,4,2620,1,5,4380,clear_fraud,0.97,1
T0417,30.02,grocery,5.6,19,606,0,1,3430,routine,0.01,0
T0418,66.37,online_retail,4.3,21,210,0,2,3850,routine,0.01,0
T0419,71.5,grocery,12.4,17,1364,0,3,2810,routine,0.01,0
T0420,87.69,grocery,14.5,19,2234,0,2,4060,routine,0.01,0
T0421,45.8,pharmacy,12.3,19,1590,0,1,2200,routine,0.01,0
T0422,715.5,electronics,28.5,16,2175,0,1,3440,big_purchase,0.18,0
T0423,320.22,hotel,8105.7,8,1241,0,3,4590,traveler,0.12,0
T0424,166.67,atm_withdrawal,1654.3,23,2073,1,3,1420,night_atm,0.4,0
T0425,16.43,utilities,17.9,19,2412,0,3,3270,routine,0.01,0
T0426,14.58,transport,15.2,15,709,0,3,3690,routine,0.01,0
T0427,1391.3,gift_cards,1484.6,2,527,2,10,1790,takeover,0.95,1
T0428,39.93,pharmacy,6.2,15,2035,0,0,1190,routine,0.01,0
T0429,115.63,restaurant,577.7,23,2167,0,4,1050,traveler,0.12,0
T0430,104.9,online_retail,0.3,15,2396,0,0,4890,routine,0.01,0
T0431,350.45,restaurant,1743.1,17,1313,0,7,2450,traveler,0.12,0
T0432,2495.97,wire_transfer,804.3,2,1852,3,5,4670,takeover,0.95,1
T0433,532.8,atm_withdrawal,1187.1,2,2759,0,0,3610,night_atm,0.4,0
T0434,640.5,atm_withdrawal,1833.1,0,648,1,4,2940,night_atm,0.4,1
T0435,2074.31,jewelry,7369.4,5,2138,0,6,3330,clear_fraud,0.97,1
T0436,8.01,digital_goods,211.9,13,60,0,8,4970,card_testing,0.65,1
T0437,1320.16,gift_cards,1351.3,5,1900,1,6,4790,clear_fraud,0.97,1
T0438,1274.73,jewelry,7333.4,5,2977,0,7,2790,clear_fraud,0.97,1
T0439,637.27,atm_withdrawal,1441.6,2,1017,1,4,3000,night_atm,0.4,0
T0440,26.5,restaurant,6.7,18,1273,0,3,4250,routine,0.01,0
T0441,519.97,atm_withdrawal,1791.6,0,1953,0,0,3990,night_atm,0.4,1
T0442,123.18,online_retail,4.8,21,1080,0,3,2700,routine,0.01,0
T0443,239.71,transport,895.8,9,1448,0,6,3170,traveler,0.12,1
T0444,34.17,online_retail,12.3,11,296,0,1,2470,routine,0.01,0
T0445,717.89,atm_withdrawal,1260.3,1,1814,0,2,2470,night_atm,0.4,1
T0446,419.35,atm_withdrawal,852.1,4,322,0,3,2190,night_atm,0.4,0
T0447,386.62,duty_free,3977.6,22,2002,0,7,4330,traveler,0.12,0
T0448,1437.45,jewelry,5343.0,2,2314,0,7,4510,clear_fraud,0.97,1
T0449,1109.0,electronics,7566.9,0,732,0,8,4040,clear_fraud,0.97,1
T0450,632.92,travel,28.6,18,2218,0,2,1890,big_purchase,0.18,0
T0451,596.2,gift_cards,5652.8,4,1031,0,8,3420,clear_fraud,0.97,1
T0452,50.69,online_retail,4.8,15,560,0,2,1860,routine,0.01,0
T0453,269.75,restaurant,8404.3,14,2413,0,3,3120,traveler,0.12,0
T0454,327.51,transport,4241.9,20,2966,0,6,1370,traveler,0.12,0
T0455,158.73,duty_free,5747.6,16,2816,0,6,1160,traveler,0.12,0
T0456,46.49,restaurant,7.3,12,1591,0,2,830,routine,0.01,0
T0457,12.84,digital_goods,8.0,8,112,0,11,1510,card_testing,0.65,1
T0458,6.13,online_retail,150.1,20,266,2,15,1000,card_testing,0.65,0
T0459,36.4,fuel,2.9,19,1142,0,2,1100,routine,0.01,0
T0460,3.34,online_retail,119.3,9,471,2,14,3300,card_testing,0.65,1
T0461,1403.21,electronics,7.4,19,2557,0,2,3350,big_purchase,0.18,0
T0462,177.37,hotel,3043.9,14,2621,0,5,3640,traveler,0.12,0
T0463,2477.11,travel,12.4,18,2062,0,0,1170,big_purchase,0.18,0
T0464,24.92,utilities,1.9,20,2335,0,3,3430,routine,0.01,0
T0465,1392.16,gift_cards,7022.5,3,2237,0,3,880,clear_fraud,0.97,1
T0466,3020.13,electronics,9.3,16,1077,0,0,1830,big_purchase,0.18,0
T0467,608.16,atm_withdrawal,529.3,3,2199,0,1,1570,night_atm,0.4,0
T0468,61.61,grocery,3.1,13,647,0,1,1600,routine,0.01,0
T0469,338.95,atm_withdrawal,2074.7,4,1295,1,0,990,night_atm,0.4,1
T0470,1222.22,wire_transfer,1424.7,1,2788,2,8,3840,takeover,0.95,1
T0471,459.69,atm_withdrawal,943.0,1,1243,1,1,1480,night_atm,0.4,0
T0472,2228.61,crypto_exchange,2139.5,1,1502,3,4,2490,takeover,0.95,1
T0473,2385.31,crypto_exchange,2835.8,1,1741,1,4,4010,clear_fraud,0.97,1
T0474,657.54,electronics,4506.8,5,2223,0,9,3660,clear_fraud,0.97,1
T0475,9.01,online_retail,342.8,20,235,2,9,1930,card_testing,0.65,1
T0476,669.82,atm_withdrawal,256.2,4,2866,0,4,2430,night_atm,0.4,0
T0477,373.64,transport,633.1,13,2704,0,3,3960,traveler,0.12,0
T0478,118.04,fuel,4.1,17,786,0,1,2740,routine,0.01,0
T0479,850.52,travel,0.2,13,1294,0,2,4090,big_purchase,0.18,0
T0480,18.61,utilities,4.0,16,741,0,3,1820,routine,0.01,0
T0481,33.55,restaurant,0.6,18,1704,0,2,1050,routine,0.01,0
T0482,1344.95,jewelry,1852.3,4,2807,0,9,4860,clear_fraud,0.97,1
T0483,41.8,fuel,8.1,8,575,0,1,2380,routine,0.01,0
T0484,67.85,grocery,8.1,10,1315,0,2,3340,routine,0.01,0
T0485,139.94,online_retail,4.0,14,1345,0,0,3700,routine,0.01,0
T0486,1477.78,gift_cards,2890.0,1,2461,1,7,2470,takeover,0.95,1
T0487,4.3,digital_goods,31.6,22,40,2,15,4580,card_testing,0.65,0
T0488,77.67,online_retail,2.1,21,1587,0,0,2770,routine,0.01,0
T0489,24.15,grocery,7.4,8,1137,0,0,4600,routine,0.01,0
T0490,647.3,jewelry,6573.1,1,2906,1,8,4650,clear_fraud,0.97,1
T0491,618.96,atm_withdrawal,1088.1,4,395,0,0,2730,night_atm,0.4,1
T0492,1095.88,crypto_exchange,2505.3,1,1599,2,4,4470,takeover,0.95,1
T0493,12.32,online_retail,255.9,3,513,0,11,3930,card_testing,0.65,1
T0494,7.25,digital_goods,83.9,22,74,1,10,4110,card_testing,0.65,0
T0495,8.87,restaurant,7.7,20,2348,0,2,4920,routine,0.01,0
T0496,255.89,atm_withdrawal,1608.3,1,1062,0,3,2670,night_atm,0.4,0
T0497,1666.29,jewelry,23.2,19,2861,0,2,1280,big_purchase,0.18,0
T0498,451.52,atm_withdrawal,1656.7,4,2615,0,4,1390,night_atm,0.4,1
T0499,121.57,atm_withdrawal,390.8,23,658,1,4,2040,night_atm,0.4,0
T0500,82.42,transport,3416.1,13,2434,0,5,2260,traveler,0.12,1
